company,fiscal_year,series,from_number,to_number,count,prev_filed_date_bs,next_filed_date_bs
NGG,79.80,NGG,476,476,1,2079.06.07,2079.06.07
NGG,79.80,NGG,732,732,1,2079.07.16,2079.07.17
NGG,79.80,NGG,980,980,1,2079.08.16,2079.08.16
NGG,79.80,NGG,1022,1024,3,2079.08.21,2079.08.21
NGG,79.80,NGG,1033,1033,1,2079.08.22,2079.08.23
NGG,79.80,NGG,1035,1035,1,2079.08.23,2079.08.23
NGG,79.80,NGG,1044,1048,5,2079.08.25,2079.08.25
NGG,79.80,NGG,1051,1052,2,2079.08.25,2079.08.25
NGG,79.80,NGG,1057,1059,3,2079.08.25,2079.08.26
NGG,79.80,NGG,1062,1062,1,2079.08.26,2079.08.26
NGG,79.80,NGG,1064,1064,1,2079.08.26,2079.08.26
NGG,79.80,NGG,1066,1066,1,2079.08.26,2079.08.27
NGG,79.80,NGG,1080,1080,1,2079.08.27,2079.08.27
NGG,79.80,NGG,1083,1083,1,2079.08.27,2079.08.28
NGG,79.80,NGG,1085,1085,1,2079.08.28,2079.08.28
NGG,79.80,NGG,1092,1092,1,2079.08.28,2079.08.28
NGG,79.80,NGG,1095,1095,1,2079.08.28,2079.08.28
NGG,79.80,NGG,1100,1108,9,2079.08.29,2079.08.29
NGG,79.80,NGG,1113,1116,4,2079.08.29,2079.08.29
NGG,79.80,NGG,1142,1145,4,2079.09.03,2079.09.03
NGG,79.80,NGG,1147,1147,1,2079.09.03,2079.09.04
NGG,79.80,NGG,1149,1149,1,2079.09.04,2079.09.04
NGG,79.80,NGG,1151,1151,1,2079.09.04,2079.09.04
NGG,79.80,NGG,1153,1155,3,2079.09.04,2079.09.05
NGG,79.80,NGG,1158,1162,5,2079.09.05,2079.09.05
NGG,79.80,NGG,1164,1164,1,2079.09.05,2079.09.05
NGG,79.80,NGG,1167,1171,5,2079.09.05,2079.09.06
NGG,79.80,NGG,1173,1187,15,2079.09.06,2079.09.07
NGG,79.80,NGG,1189,1202,14,2079.09.07,2079.09.10
NGG,79.80,NGG,1204,1210,7,2079.09.10,2079.09.10
NGG,79.80,NGG,1212,1213,2,2079.09.10,2079.09.11
NGG,79.80,NGG,1215,1221,7,2079.09.11,2079.09.11
NGG,79.80,NGG,1224,1228,5,2079.09.11,2079.09.12
NGG,79.80,NGG,1230,1232,3,2079.09.12,2079.09.12
NGG,79.80,NGG,1234,1236,3,2079.09.12,2079.09.13
NGG,79.80,NGG,1244,1246,3,2079.09.13,2079.09.13
NGG,79.80,NGG,1248,1249,2,2079.09.13,2079.09.14
NGG,79.80,NGG,1251,1251,1,2079.09.14,2079.09.14
NGG,79.80,NGG,1254,1254,1,2079.09.14,2079.09.14
NGG,79.80,NGG,1257,1257,1,2079.09.14,2079.09.14
NGG,79.80,NGG,1259,1261,3,2079.09.14,2079.09.15
NGG,79.80,NGG,1263,1263,1,2079.09.15,2079.09.15
NGG,79.80,NGG,1267,1267,1,2079.09.15,2079.09.15
NGG,79.80,NGG,1269,1271,3,2079.09.15,2079.09.17
NGG,79.80,NGG,1280,1285,6,2079.09.17,2079.09.18
NGG,79.80,NGG,1287,1287,1,2079.09.18,2079.09.18
NGG,79.80,NGG,1289,1292,4,2079.09.18,2079.09.18
NGG,79.80,NGG,1294,1304,11,2079.09.18,2079.09.19
NGG,79.80,NGG,1306,1309,4,2079.09.19,2079.09.19
NGG,79.80,NGG,1312,1320,9,2079.09.19,2079.09.20
NGG,79.80,NGG,1326,1327,2,2079.09.21,2079.09.21
NGG,79.80,NGG,1329,1330,2,2079.09.21,2079.09.21
NGG,79.80,NGG,1332,1333,2,2079.09.21,2079.09.21
NGG,79.80,NGG,1335,1335,1,2079.09.21,2079.09.21
NGG,79.80,NGG,1337,1337,1,2079.09.21,2079.09.22
NGG,79.80,NGG,1341,1346,6,2079.09.22,2079.09.22
NGG,79.80,NGG,1349,1356,8,2079.09.22,2079.09.24
NGG,79.80,NGG,1358,1359,2,2079.09.24,2079.09.24
NGG,79.80,NGG,1393,1393,1,2079.09.26,2079.09.26
NGG,79.80,NGG,1449,1454,6,2079.09.29,2079.09.29
NGG,79.80,NGG,1456,1456,1,2079.09.29,2079.09.29
NGG,79.80,NGG,1458,1458,1,2079.09.29,2079.10.02
NGG,79.80,NGG,1460,1461,2,2079.10.02,2079.10.02
NGG,79.80,NGG,1464,1466,3,2079.10.02,2079.10.02
NGG,79.80,NGG,1469,1473,5,2079.10.02,2079.10.02
NGG,79.80,NGG,1475,1475,1,2079.10.02,2079.10.02
NGG,79.80,NGG,1477,1480,4,2079.10.02,2079.10.03
NGG,79.80,NGG,1482,1482,1,2079.10.03,2079.10.03
NGG,79.80,NGG,1484,1488,5,2079.10.03,2079.10.03
NGG,79.80,NGG,1490,1491,2,2079.10.03,2079.10.03
NGG,79.80,NGG,1493,1493,1,2079.10.03,2079.10.04
NGG,79.80,NGG,1495,1496,2,2079.10.04,2079.10.04
NGG,79.80,NGG,1502,1503,2,2079.10.04,2079.10.04
NGG,79.80,NGG,1505,1509,5,2079.10.04,2079.10.04
NGG,79.80,NGG,1512,1519,8,2079.10.04,2079.10.05
NGG,79.80,NGG,1521,1526,6,2079.10.05,2079.10.05
NGG,79.80,NGG,1528,1529,2,2079.10.05,2079.10.05
NGG,79.80,NGG,1532,1532,1,2079.10.05,2079.10.06
NGG,79.80,NGG,1534,1534,1,2079.10.06,2079.10.06
NGG,79.80,NGG,1536,1542,7,2079.10.06,2079.10.06
NGG,79.80,NGG,1544,1546,3,2079.10.06,2079.10.06
NGG,79.80,NGG,1548,1548,1,2079.10.06,2079.10.08
NGG,79.80,NGG,1552,1554,3,2079.10.08,2079.10.08
NGG,79.80,NGG,1558,1559,2,2079.10.08,2079.10.08
NGG,79.80,NGG,1562,1564,3,2079.10.08,2079.10.08
NGG,79.80,NGG,1567,1573,7,2079.10.08,2079.10.09
NGG,79.80,NGG,1575,1577,3,2079.10.09,2079.10.09
NGG,79.80,NGG,1580,1581,2,2079.10.09,2079.10.09
NGG,79.80,NGG,1584,1585,2,2079.10.09,2079.10.09
NGG,79.80,NGG,1589,1589,1,2079.10.09,2079.10.09
NGG,79.80,NGG,1594,1601,8,2079.10.09,2079.10.10
NGG,79.80,NGG,1603,1603,1,2079.10.10,2079.10.10
NGG,79.80,NGG,1607,1611,5,2079.10.11,2079.10.11
NGG,79.80,NGG,1613,1614,2,2079.10.11,2079.10.11
NGG,79.80,NGG,1616,1617,2,2079.10.11,2079.10.11
NGG,79.80,NGG,1619,1620,2,2079.10.11,2079.10.12
NGG,79.80,NGG,1623,1623,1,2079.10.12,2079.10.12
NGG,79.80,NGG,1626,1633,8,2079.10.12,2079.10.12
NGG,79.80,NGG,1636,1637,2,2079.10.12,2079.10.12
NGG,79.80,NGG,1640,1642,3,2079.10.12,2079.10.12
NGG,79.80,NGG,1645,1653,9,2079.10.13,2079.10.15
NGG,79.80,NGG,1655,1655,1,2079.10.15,2079.10.15
NGG,79.80,NGG,1657,1661,5,2079.10.15,2079.10.15
NGG,79.80,NGG,1663,1665,3,2079.10.15,2079.10.15
NGG,79.80,NGG,1667,1694,28,2079.10.15,2079.10.17
NGG,79.80,NGG,1696,1701,6,2079.10.17,2079.10.17
NGG,79.80,NGG,1705,1707,3,2079.10.17,2079.10.18
NGG,79.80,NGG,1709,1710,2,2079.10.18,2079.10.18
NGG,79.80,NGG,1714,1718,5,2079.10.18,2079.10.18
NGG,79.80,NGG,1721,1729,9,2079.10.18,2079.10.19
NGG,79.80,NGG,1731,1746,16,2079.10.19,2079.10.19
NGG,79.80,NGG,1749,1750,2,2079.10.19,2079.10.20
NGG,79.80,NGG,1754,1755,2,2079.10.20,2079.10.20
NGG,79.80,NGG,1761,1765,5,2079.10.20,2079.10.22
NGG,79.80,NGG,1768,1770,3,2079.10.22,2079.10.22
NGG,79.80,NGG,1772,1772,1,2079.10.22,2079.10.22
NGG,79.80,NGG,1777,1780,4,2079.10.22,2079.10.22
NGG,79.80,NGG,1782,1785,4,2079.10.22,2079.10.22
NGG,79.80,NGG,1787,1788,2,2079.10.22,2079.10.23
NGG,79.80,NGG,1791,1793,3,2079.10.23,2079.10.23
NGG,79.80,NGG,1797,1798,2,2079.10.23,2079.10.24
NGG,79.80,NGG,1803,1822,20,2079.10.24,2079.10.25
NGG,79.80,NGG,1824,1824,1,2079.10.25,2079.10.25
NGG,79.80,NGG,1826,1829,4,2079.10.25,2079.10.26
NGG,79.80,NGG,1831,1838,8,2079.10.26,2079.10.27
NGG,79.80,NGG,1841,1846,6,2079.10.27,2079.10.29
NGG,79.80,NGG,1848,1852,5,2079.10.29,2079.10.29
NGG,79.80,NGG,1854,1854,1,2079.10.29,2079.10.29
NGG,79.80,NGG,1856,1856,1,2079.10.29,2079.10.29
NGG,79.80,NGG,1858,1867,10,2079.10.29,2079.10.29
NGG,79.80,NGG,1869,1873,5,2079.10.29,2079.11.01
NGG,79.80,NGG,1875,1876,2,2079.11.01,2079.11.01
NGG,79.80,NGG,1878,1878,1,2079.11.01,2079.11.01
NGG,79.80,NGG,1880,1883,4,2079.11.01,2079.11.01
NGG,79.80,NGG,1885,1886,2,2079.11.01,2079.11.02
NGG,79.80,NGG,1888,1904,17,2079.11.02,2079.11.03
NGG,79.80,NGG,1906,1912,7,2079.11.03,2079.11.04
NGG,79.80,NGG,1916,1918,3,2079.11.04,2079.11.04
NGG,79.80,NGG,1920,1920,1,2079.11.04,2079.11.04
NGG,79.80,NGG,1922,1937,16,2079.11.04,2079.11.07
NGG,79.80,NGG,1939,1939,1,2079.11.07,2079.11.07
NGG,79.80,NGG,1942,1943,2,2079.11.07,2079.11.07
NGG,79.80,NGG,1945,1948,4,2079.11.07,2079.11.08
NGG,79.80,NGG,1952,1954,3,2079.11.08,2079.11.08
NGG,79.80,NGG,1956,1962,7,2079.11.08,2079.11.08
NGG,79.80,NGG,1964,1967,4,2079.11.08,2079.11.08
NGG,79.80,NGG,1970,1970,1,2079.11.08,2079.11.08
NGG,79.80,NGG,1973,1977,5,2079.11.08,2079.11.09
NGG,79.80,NGG,1979,1979,1,2079.11.09,2079.11.09
NGG,79.80,NGG,1981,1984,4,2079.11.09,2079.11.10
NGG,79.80,NGG,1989,1996,8,2079.11.10,2079.11.10
NGG,79.80,NGG,1999,2008,10,2079.11.11,2079.11.11
NGG,79.80,NGG,2010,2026,17,2079.11.11,2079.11.14
NGG,79.80,NGG,2032,2035,4,2079.11.14,2079.11.14
NGG,79.80,NGG,2044,2045,2,2079.11.14,2079.11.14
NGG,79.80,NGG,2047,2047,1,2079.11.14,2079.11.15
NGG,79.80,NGG,2051,2055,5,2079.11.15,2079.11.16
NGG,79.80,NGG,2059,2061,3,2079.11.16,2079.11.16
NGG,79.80,NGG,2071,2071,1,2079.11.16,2079.11.17
NGG,79.80,NGG,2073,2075,3,2079.11.17,2079.11.17
NGG,79.80,NGG,2077,2077,1,2079.11.17,2079.11.17
NGG,79.80,NGG,2080,2083,4,2079.11.17,2079.11.17
NGG,79.80,NGG,2086,2098,13,2079.11.17,2079.11.18
NGG,79.80,NGG,2100,2105,6,2079.11.18,2079.11.19
NGG,79.80,NGG,2107,2108,2,2079.11.19,2079.11.19
NGG,79.80,NGG,2110,2116,7,2079.11.19,2079.11.21
NGG,79.80,NGG,2118,2119,2,2079.11.21,2079.11.21
NGG,79.80,NGG,2121,2122,2,2079.11.21,2079.11.21
NGG,79.80,NGG,2124,2126,3,2079.11.21,2079.11.21
NGG,79.80,NGG,2128,2128,1,2079.11.21,2079.11.21
NGG,79.80,NGG,2130,2132,3,2079.11.21,2079.11.21
NGG,79.80,NGG,2134,2134,1,2079.11.21,2079.11.21
NGG,79.80,NGG,2136,2138,3,2079.11.21,2079.11.21
NGG,79.80,NGG,2140,2145,6,2079.11.21,2079.11.21
NGG,79.80,NGG,2147,2147,1,2079.11.21,2079.11.21
NGG,79.80,NGG,2149,2151,3,2079.11.21,2079.11.22
NGG,79.80,NGG,2153,2153,1,2079.11.22,2079.11.22
NGG,79.80,NGG,2155,2158,4,2079.11.22,2079.11.22
NGG,79.80,NGG,2161,2162,2,2079.11.22,2079.11.22
NGG,79.80,NGG,2164,2164,1,2079.11.22,2079.11.22
NGG,79.80,NGG,2166,2168,3,2079.11.22,2079.11.24
NGG,79.80,NGG,2170,2174,5,2079.11.24,2079.11.24
NGG,79.80,NGG,2176,2182,7,2079.11.24,2079.11.25
NGG,79.80,NGG,2184,2187,4,2079.11.25,2079.11.25
NGG,79.80,NGG,2190,2193,4,2079.11.26,2079.11.26
NGG,79.80,NGG,2195,2208,14,2079.11.26,2079.11.28
NGG,79.80,NGG,2210,2214,5,2079.11.28,2079.11.28
NGG,79.80,NGG,2216,2216,1,2079.11.28,2079.11.28
NGG,79.80,NGG,2219,2219,1,2079.11.28,2079.11.28
NGG,79.80,NGG,2224,2224,1,2079.11.28,2079.11.28
NGG,79.80,NGG,2228,2238,11,2079.11.28,2079.11.29
NGG,79.80,NGG,2240,2241,2,2079.11.29,2079.11.30
NGG,79.80,NGG,2243,2245,3,2079.11.30,2079.11.30
NGG,79.80,NGG,2247,2250,4,2079.11.30,2079.11.30
NGG,79.80,NGG,2252,2252,1,2079.11.30,2079.11.30
NGG,79.80,NGG,2254,2275,22,2079.11.30,2079.12.03
NGG,79.80,NGG,2277,2289,13,2079.12.03,2079.12.03
NGG,79.80,NGG,2291,2291,1,2079.12.03,2079.12.03
NGG,79.80,NGG,2293,2303,11,2079.12.03,2079.12.05
NGG,79.80,NGG,2305,2322,18,2079.12.05,2079.12.05
NGG,79.80,NGG,2324,2331,8,2079.12.05,2079.12.06
NGG,79.80,NGG,2333,2342,10,2079.12.06,2079.12.07
NGG,79.80,NGG,2344,2346,3,2079.12.07,2079.12.07
NGG,79.80,NGG,2348,2348,1,2079.12.07,2079.12.07
NGG,79.80,NGG,2350,2353,4,2079.12.07,2079.12.07
NGG,79.80,NGG,2611,2614,4,2079.12.27,2079.12.27
NGG,79.80,NGG,2625,2625,1,2079.12.27,2079.12.27
NGG,79.80,NGG,2737,2739,3,2080.01.07,2080.01.08
NGG,79.80,NGG,2742,2744,3,2080.01.08,2080.01.08
NGG,79.80,NGG,2749,2752,4,2080.01.08,2080.01.08
NGG,79.80,NGG,2865,2866,2,2080.01.15,2080.01.15
NGG,79.80,NGG,2991,2993,3,2080.01.24,2080.01.24
NGG,79.80,NGG,2995,2995,1,2080.01.24,2080.01.24
NGG,79.80,NGG,2997,3001,5,2080.01.24,2080.01.25
NGG,79.80,NGG,3105,3107,3,2080.02.02,2080.02.02
NGG,79.80,NGG,3115,3115,1,2080.02.02,2080.02.02
NGG,79.80,RTN,3,3,1,2079.04.04,2079.04.05
NGG,80.81,RTN,152,153,2,2080.12.29,2081.01.10
NGG,80.81,RTN,155,155,1,2081.01.10,2081.01.10
NGG,80.81,RTN,158,158,1,2081.01.23,2081.01.23
NGG,80.81,RTN,161,162,2,2081.01.30,2081.02.20
NGG,80.81,RTN,169,170,2,2081.02.32,2081.03.25
NGG,80.81,RTN,173,173,1,2081.03.30,2081.03.31
NGG,82.83,NGG,184,184,1,2082.04.20,2082.04.21
NGG,82.83,NGG,379,379,1,2082.05.09,2082.05.09
NGG,82.83,NGG,1794,1794,1,2082.10.04,2082.10.05
NGG,82.83,RTN,38,38,1,2082.12.25,2083.01.09
NGI,NGI-80.81,RTN,28,28,1,2080.04.08,2080.04.09
NGI,NGI-80.81,RTN,178,178,1,2080.05.07,2080.05.08
NGI,NGI-80.81,RTN,188,188,1,2080.05.12,2080.05.12
NGI,NGI-80.81,RTN,191,191,1,2080.05.12,2080.05.12
NGI,NGI-80.81,RTN,247,247,1,2080.05.22,2080.05.24
NGI,NGI-80.81,RTN,253,253,1,2080.05.26,2080.05.26
NGI,NGI-80.81,RTN,370,370,1,2080.06.15,2080.06.16
NGI,NGI-80.81,RTN,472,472,1,2080.06.29,2080.06.29
NGI,NGI-80.81,RTN,523,523,1,2080.07.16,2080.07.16
NGI,NGI-80.81,RTN,593,593,1,2080.08.03,2080.08.03
NGI,NGI-80.81,RTN,657,657,1,2080.08.17,2080.08.17
NGI,NGI-80.81,RTN,1018,1018,1,2080.10.17,2080.10.18
NGI,NGI-80.81,RTN,1100,1100,1,2080.10.28,2080.10.28
NGI,NGI-80.81,RTN,1150,1150,1,2080.11.08,2080.11.10
NGI,NGI-80.81,RTN,1305,1305,1,2080.12.07,2080.12.07
NGI,NGI-81.82,NGI,13531,13531,1,2081.09.15,2081.09.15
NGI,NGI-81.82,NGI,28005,28005,1,2082.02.16,2082.02.16
NGI,NGI-81.82,NGI,31261,31261,1,2082.03.30,2082.03.30
NGI,NGI-81.82,NGI,31277,31277,1,2082.03.30,2082.03.30
NGI,NGI-81.82,RTN,255,255,1,2081.05.26,2081.05.26
NGI,NGI-82.83,NGI,10100,10100,1,2082.08.14,2082.08.14
NGI,NGI-82.83,NGI,10115,10115,1,2082.08.14,2082.08.14
NGI,NGI-82.83,NGI,10117,10117,1,2082.08.14,2082.08.14
NGI,NGI-82.83,NGI,31049,31049,1,2083.02.25,2083.02.25
NGI,NGI-82.83,NGI,31214,31214,1,2083.02.26,2083.02.26
NGI,NGI-82.83,NGI,32700,32700,1,2083.03.04,2083.03.04
NGI,NGI-82.83,NGI,32877,32877,1,2083.03.05,2083.03.05
NGI,NGI-82.83,RTN,437,437,1,2082.08.22,2082.08.25
NGK,NGK-79.80,NGK,858,858,1,2079.08.26,2079.08.26
NGK,NGK-79.80,NGK,2043,2057,15,2080.02.32,2080.03.03
NGK,NGK-79.80,NGK,2059,2101,43,2080.03.03,2080.03.08
NGK,NGK-79.80,NGK,2103,2127,25,2080.03.08,2080.03.13
NGK,NGK-79.80,NGK,2245,2245,1,2080.03.29,2080.03.29
NGK,NGK-79.80,RTN,300,300,1,2079.12.07,2079.12.09
NGK,NGK-79.80,RTN,312,312,1,2079.12.12,2079.12.14
NGK,NGK-79.80,RTN,370,418,49,2080.01.31,2080.03.01
NGK,NGK-80.81,RTN,150,167,18,2080.06.23,2080.06.26
NGK,NGK-81.82,NGK,963,963,1,2081.07.02,2081.07.02
NGK,NGK-81.82,NGK,992,992,1,2081.07.05,2081.07.05
NGK,NGK-81.82,NGK,3567,3569,3,2082.03.13,2082.03.13
NGK,NGK-81.82,NGK,3572,3576,5,2082.03.13,2082.03.13
NGK,NGK-81.82,NGK,3578,3578,1,2082.03.13,2082.03.13
NGK,NGK-81.82,NGK,3581,3582,2,2082.03.13,2082.03.13
NGK,NGK-81.82,NGK,3585,3585,1,2082.03.13,2082.03.13
NGK,NGK-81.82,NGK,3587,3589,3,2082.03.13,2082.03.15
NGK,NGK-81.82,NGK,3591,3591,1,2082.03.15,2082.03.15
NGK,NGK-81.82,NGK,3594,3597,4,2082.03.15,2082.03.15
NGK,NGK-81.82,NGK,3606,3607,2,2082.03.16,2082.03.16
NGK,NGK-81.82,NGK,3614,3615,2,2082.03.16,2082.03.17
NGK,NGK-81.82,NGK,3626,3626,1,2082.03.18,2082.03.18
NGK,NGK-81.82,NGK,3629,3630,2,2082.03.18,2082.03.18
NGK,NGK-81.82,NGK,3636,3637,2,2082.03.19,2082.03.19
NGK,NGK-81.82,NGK,3641,3641,1,2082.03.19,2082.03.19
NGK,NGK-81.82,NGK,3644,3646,3,2082.03.19,2082.03.19
NGK,NGK-81.82,NGK,3649,3653,5,2082.03.19,2082.03.20
NGK,NGK-81.82,NGK,3664,3667,4,2082.03.20,2082.03.22
NGK,NGK-81.82,NGK,3670,3672,3,2082.03.22,2082.03.23
NGK,NGK-81.82,NGK,3674,3674,1,2082.03.23,2082.03.23
NGK,NGK-81.82,NGK,3681,3681,1,2082.03.23,2082.03.23
NGK,NGK-81.82,NGK,3688,3688,1,2082.03.23,2082.03.24
NGK,NGK-81.82,NGK,3691,3691,1,2082.03.24,2082.03.24
NGK,NGK-81.82,NGK,3696,3697,2,2082.03.24,2082.03.24
NGK,NGK-81.82,NGK,3699,3701,3,2082.03.24,2082.03.24
NGK,NGK-81.82,NGK,3704,3709,6,2082.03.25,2082.03.25
NGK,NGK-81.82,NGK,3713,3713,1,2082.03.25,2082.03.26
NGK,NGK-81.82,NGK,3715,3715,1,2082.03.26,2082.03.26
NGK,NGK-81.82,NGK,3717,3720,4,2082.03.26,2082.03.26
NGK,NGK-81.82,NGK,3730,3749,20,2082.03.27,2082.03.29
NGK,NGK-81.82,NGK,3753,3767,15,2082.03.29,2082.03.31
NGK,NGK-81.82,NGK,3771,3771,1,2082.03.31,2082.03.31
NGK,NGK-81.82,NGK,3782,3782,1,2082.03.32,2082.03.32
NGK,NGK-81.82,RTN,68,69,2,2081.05.09,2081.05.10
NGK,NGK-81.82,RTN,502,502,1,2082.02.04,2082.02.05
NGK,NGK-81.82,RTN,535,535,1,2082.03.12,2082.03.15
NGK,NGK-81.82,RTN,537,538,2,2082.03.15,2082.03.15
NGK,NGK-81.82,RTN,541,541,1,2082.03.17,2082.03.19
NGK,NGK-82.83,NGK,5,5,1,2082.04.01,2082.04.01
NGK,NGK-82.83,NGK,8,12,5,2082.04.01,2082.04.02
NGK,NGK-82.83,NGK,19,20,2,2082.04.02,2082.04.02
NGK,NGK-82.83,NGK,29,29,1,2082.04.04,2082.04.04
NGK,NGK-82.83,NGK,48,48,1,2082.04.05,2082.04.05
NGK,NGK-82.83,NGK,50,53,4,2082.04.05,2082.04.05
NGK,NGK-82.83,NGK,58,58,1,2082.04.05,2082.04.06
NGK,NGK-82.83,NGK,72,80,9,2082.04.07,2082.04.08
NGK,NGK-82.83,NGK,88,88,1,2082.04.08,2082.04.08
NGK,NGK-82.83,NGK,95,105,11,2082.04.08,2082.04.11
NGK,NGK-82.83,NGK,114,114,1,2082.04.11,2082.04.11
NGK,NGK-82.83,NGK,116,116,1,2082.04.11,2082.04.11
NGK,NGK-82.83,NGK,119,122,4,2082.04.11,2082.04.11
NGK,NGK-82.83,NGK,125,125,1,2082.04.11,2082.04.11
NGK,NGK-82.83,NGK,129,129,1,2082.04.11,2082.04.12
NGK,NGK-82.83,NGK,147,147,1,2082.04.13,2082.04.13
NGK,NGK-82.83,NGK,172,172,1,2082.04.15,2082.04.15
NGK,NGK-82.83,NGK,187,215,29,2082.04.16,2082.04.19
NGK,NGK-82.83,NGK,217,226,10,2082.04.19,2082.04.20
NGK,NGK-82.83,NGK,236,236,1,2082.04.20,2082.04.22
NGK,NGK-82.83,NGK,334,334,1,2082.04.29,2082.04.29
NGK,NGK-82.83,NGK,423,423,1,2082.05.08,2082.05.08
NGK,NGK-82.83,NGK,425,425,1,2082.05.08,2082.05.08
NGK,NGK-82.83,NGK,481,481,1,2082.05.12,2082.05.12
NGK,NGK-82.83,NGK,503,503,1,2082.05.15,2082.05.15
NGK,NGK-82.83,NGK,547,557,11,2082.05.18,2082.05.20
NGK,NGK-82.83,NGK,598,598,1,2082.05.23,2082.05.24
NGK,NGK-82.83,NGK,766,766,1,2082.06.07,2082.06.07
NGK,NGK-82.83,NGK,791,791,1,2082.06.08,2082.06.08
NGK,NGK-82.83,NGK,807,807,1,2082.06.09,2082.06.09
NGK,NGK-82.83,NGK,821,821,1,2082.06.10,2082.06.10
NGK,NGK-82.83,NGK,827,827,1,2082.06.10,2082.06.10
NGK,NGK-82.83,NGK,869,870,2,2082.06.19,2082.06.19
NGK,NGK-82.83,NGK,888,888,1,2082.06.20,2082.06.20
NGK,NGK-82.83,NGK,909,910,2,2082.06.21,2082.06.21
NGK,NGK-82.83,NGK,912,912,1,2082.06.21,2082.06.21
NGK,NGK-82.83,NGK,965,965,1,2082.06.27,2082.06.27
NGK,NGK-82.83,NGK,1027,1027,1,2082.06.31,2082.06.31
NGK,NGK-82.83,NGK,1043,1043,1,2082.07.01,2082.07.01
NGK,NGK-82.83,NGK,1055,1055,1,2082.07.01,2082.07.01
NGK,NGK-82.83,NGK,1064,1064,1,2082.07.02,2082.07.02
NGK,NGK-82.83,NGK,1084,1084,1,2082.07.09,2082.07.09
NGK,NGK-82.83,NGK,1094,1094,1,2082.07.09,2082.07.09
NGK,NGK-82.83,NGK,1097,1097,1,2082.07.09,2082.07.09
NGK,NGK-82.83,NGK,1239,1239,1,2082.07.20,2082.07.21
NGK,NGK-82.83,NGK,1251,1251,1,2082.07.23,2082.07.23
NGK,NGK-82.83,NGK,1273,1273,1,2082.07.23,2082.07.24
NGK,NGK-82.83,NGK,1275,1275,1,2082.07.24,2082.07.24
NGK,NGK-82.83,NGK,1291,1291,1,2082.07.26,2082.07.26
NGK,NGK-82.83,NGK,1309,1309,1,2082.07.26,2082.07.26
NGK,NGK-82.83,NGK,1382,1382,1,2082.08.03,2082.08.03
NGK,NGK-82.83,NGK,1392,1392,1,2082.08.03,2082.08.04
NGK,NGK-82.83,NGK,1413,1419,7,2082.08.05,2082.08.07
NGK,NGK-82.83,NGK,1426,1426,1,2082.08.07,2082.08.07
NGK,NGK-82.83,NGK,1434,1434,1,2082.08.08,2082.08.08
NGK,NGK-82.83,NGK,1451,1451,1,2082.08.09,2082.08.09
NGK,NGK-82.83,NGK,1457,1457,1,2082.08.09,2082.08.09
NGK,NGK-82.83,NGK,1461,1461,1,2082.08.09,2082.08.10
NGK,NGK-82.83,NGK,1495,1495,1,2082.08.12,2082.08.12
NGK,NGK-82.83,NGK,1500,1524,25,2082.08.12,2082.08.15
NGK,NGK-82.83,NGK,1550,1550,1,2082.08.17,2082.08.17
NGK,NGK-82.83,NGK,1580,1580,1,2082.08.21,2082.08.21
NGK,NGK-82.83,NGK,1632,1632,1,2082.08.25,2082.08.25
NGK,NGK-82.83,NGK,1645,1645,1,2082.08.26,2082.08.26
NGK,NGK-82.83,NGK,1660,1660,1,2082.08.26,2082.08.26
NGK,NGK-82.83,NGK,1665,1673,9,2082.08.26,2082.08.28
NGK,NGK-82.83,NGK,1733,1733,1,2082.09.04,2082.09.04
NGK,NGK-82.83,NGK,1735,1746,12,2082.09.04,2082.09.06
NGK,NGK-82.83,NGK,1748,1748,1,2082.09.06,2082.09.06
NGK,NGK-82.83,NGK,1790,1790,1,2082.09.09,2082.09.10
NGK,NGK-82.83,NGK,1795,1795,1,2082.09.10,2082.09.10
NGK,NGK-82.83,NGK,1810,1810,1,2082.09.11,2082.09.11
NGK,NGK-82.83,NGK,1880,1880,1,2082.09.17,2082.09.18
NGK,NGK-82.83,NGK,1905,1905,1,2082.09.20,2082.09.21
NGK,NGK-82.83,NGK,1936,1936,1,2082.09.23,2082.09.23
NGK,NGK-82.83,NGK,1939,1943,5,2082.09.23,2082.09.24
NGK,NGK-82.83,NGK,1986,1986,1,2082.09.28,2082.09.28
NGK,NGK-82.83,NGK,1990,1993,4,2082.09.28,2082.09.29
NGK,NGK-82.83,NGK,2002,2002,1,2082.09.29,2082.09.30
NGK,NGK-82.83,NGK,2016,2024,9,2082.09.30,2082.10.02
NGK,NGK-82.83,NGK,2050,2050,1,2082.10.04,2082.10.04
NGK,NGK-82.83,NGK,2065,2065,1,2082.10.05,2082.10.05
NGK,NGK-82.83,NGK,2075,2076,2,2082.10.05,2082.10.07
NGK,NGK-82.83,NGK,2078,2078,1,2082.10.07,2082.10.07
NGK,NGK-82.83,NGK,2095,2095,1,2082.10.07,2082.10.08
NGK,NGK-82.83,NGK,2111,2111,1,2082.10.09,2082.10.09
NGK,NGK-82.83,NGK,2115,2115,1,2082.10.09,2082.10.09
NGK,NGK-82.83,NGK,2148,2148,1,2082.10.12,2082.10.12
NGK,NGK-82.83,NGK,2162,2162,1,2082.10.13,2082.10.13
NGK,NGK-82.83,NGK,2212,2212,1,2082.10.18,2082.10.18
NGK,NGK-82.83,NGK,2252,2252,1,2082.10.20,2082.10.20
NGK,NGK-82.83,NGK,2256,2256,1,2082.10.20,2082.10.20
NGK,NGK-82.83,NGK,2277,2277,1,2082.10.22,2082.10.22
NGK,NGK-82.83,NGK,2330,2330,1,2082.10.26,2082.10.26
NGK,NGK-82.83,NGK,2540,2540,1,2082.11.15,2082.11.15
NGK,NGK-82.83,NGK,2591,2591,1,2082.11.20,2082.11.20
NGK,NGK-82.83,NGK,2711,2711,1,2082.12.01,2082.12.01
NGK,NGK-82.83,NGK,2719,2719,1,2082.12.01,2082.12.01
NGK,NGK-82.83,NGK,2787,2787,1,2082.12.04,2082.12.05
NGK,NGK-82.83,NGK,2814,2814,1,2082.12.08,2082.12.08
NGK,NGK-82.83,NGK,2825,2825,1,2082.12.08,2082.12.08
NGK,NGK-82.83,NGK,2841,2841,1,2082.12.09,2082.12.09
NGK,NGK-82.83,NGK,2851,2851,1,2082.12.10,2082.12.10
NGK,NGK-82.83,NGK,2885,2885,1,2082.12.12,2082.12.13
NGK,NGK-82.83,NGK,2896,2896,1,2082.12.15,2082.12.15
NGK,NGK-82.83,NGK,2912,2913,2,2082.12.16,2082.12.17
NGK,NGK-82.83,NGK,2934,2934,1,2082.12.19,2082.12.19
NGK,NGK-82.83,NGK,2954,2954,1,2082.12.20,2082.12.20
NGK,NGK-82.83,NGK,2959,2959,1,2082.12.20,2082.12.20
NGK,NGK-82.83,NGK,2979,2979,1,2082.12.24,2082.12.24
NGK,NGK-82.83,NGK,3005,3005,1,2082.12.25,2082.12.26
NGK,NGK-82.83,NGK,3016,3017,2,2082.12.27,2082.12.27
NGK,NGK-82.83,NGK,3044,3044,1,2082.12.29,2082.12.29
NGK,NGK-82.83,NGK,3050,3050,1,2082.12.30,2083.01.02
NGK,NGK-82.83,NGK,3099,3099,1,2083.01.04,2083.01.06
NGK,NGK-82.83,NGK,3117,3117,1,2083.01.07,2083.01.07
NGK,NGK-82.83,NGK,3137,3137,1,2083.01.08,2083.01.08
NGK,NGK-82.83,NGK,3149,3149,1,2083.01.09,2083.01.09
NGK,NGK-82.83,NGK,3152,3152,1,2083.01.09,2083.01.09
NGK,NGK-82.83,NGK,3156,3156,1,2083.01.09,2083.01.10
NGK,NGK-82.83,NGK,3216,3216,1,2083.01.15,2083.01.15
NGK,NGK-82.83,NGK,3219,3219,1,2083.01.15,2083.01.15
NGK,NGK-82.83,NGK,3228,3228,1,2083.01.15,2083.01.16
NGK,NGK-82.83,NGK,3243,3244,2,2083.01.17,2083.01.17
NGK,NGK-82.83,NGK,3283,3283,1,2083.01.21,2083.01.21
NGK,NGK-82.83,NGK,3301,3301,1,2083.01.22,2083.01.22
NGK,NGK-82.83,NGK,3307,3307,1,2083.01.22,2083.01.22
NGK,NGK-82.83,NGK,3331,3331,1,2083.01.23,2083.01.24
NGK,NGK-82.83,NGK,3371,3371,1,2083.01.27,2083.01.27
NGK,NGK-82.83,NGK,3378,3378,1,2083.01.27,2083.01.27
NGK,NGK-82.83,NGK,3431,3431,1,2083.01.30,2083.01.30
NGK,NGK-82.83,NGK,3484,3484,1,2083.02.03,2083.02.03
NGK,NGK-82.83,NGK,3488,3489,2,2083.02.03,2083.02.03
NGK,NGK-82.83,NGK,3492,3492,1,2083.02.04,2083.02.04
NGK,NGK-82.83,NGK,3508,3512,5,2083.02.05,2083.02.06
NGK,NGK-82.83,NGK,3515,3515,1,2083.02.06,2083.02.06
NGK,NGK-82.83,NGK,3520,3520,1,2083.02.06,2083.02.06
NGK,NGK-82.83,NGK,3522,3529,8,2083.02.06,2083.02.06
NGK,NGK-82.83,NGK,3542,3542,1,2083.02.07,2083.02.07
NGK,NGK-82.83,NGK,3569,3569,1,2083.02.08,2083.02.08
NGK,NGK-82.83,NGK,3571,3571,1,2083.02.08,2083.02.10
NGK,NGK-82.83,NGK,3575,3575,1,2083.02.10,2083.02.10
NGK,NGK-82.83,NGK,3582,3582,1,2083.02.10,2083.02.10
NGK,NGK-82.83,NGK,3592,3593,2,2083.02.10,2083.02.11
NGK,NGK-82.83,NGK,3596,3597,2,2083.02.11,2083.02.11
NGK,NGK-82.83,NGK,3608,3609,2,2083.02.11,2083.02.12
NGK,NGK-82.83,NGK,3623,3623,1,2083.02.13,2083.02.13
NGK,NGK-82.83,NGK,3628,3628,1,2083.02.13,2083.02.13
NGK,NGK-82.83,NGK,3642,3642,1,2083.02.14,2083.02.14
NGK,NGK-82.83,NGK,3664,3664,1,2083.02.15,2083.02.15
NGK,NGK-82.83,NGK,3678,3678,1,2083.02.17,2083.02.17
NGK,NGK-82.83,NGK,3703,3707,5,2083.02.18,2083.02.18
NGK,NGK-82.83,NGK,3709,3709,1,2083.02.18,2083.02.19
NGK,NGK-82.83,NGK,3725,3729,5,2083.02.19,2083.02.19
NGK,NGK-82.83,NGK,3734,3735,2,2083.02.19,2083.02.19
NGK,NGK-82.83,NGK,3752,3752,1,2083.02.20,2083.02.20
NGK,NGK-82.83,NGK,3754,3754,1,2083.02.20,2083.02.21
NGK,NGK-82.83,NGK,3784,3785,2,2083.02.22,2083.02.24
NGK,NGK-82.83,NGK,3796,3800,5,2083.02.24,2083.02.24
NGK,NGK-82.83,NGK,3815,3815,1,2083.02.24,2083.02.25
NGK,NGK-82.83,NGK,3817,3818,2,2083.02.25,2083.02.26
NGK,NGK-82.83,NGK,3826,3827,2,2083.02.26,2083.02.26
NGK,NGK-82.83,NGK,3832,3834,3,2083.02.26,2083.02.26
NGK,NGK-82.83,NGK,3841,3841,1,2083.02.27,2083.02.27
NGK,NGK-82.83,NGK,3853,3858,6,2083.02.28,2083.02.28
NGK,NGK-82.83,NGK,3861,3867,7,2083.02.28,2083.02.28
NGK,NGK-82.83,NGK,3870,3870,1,2083.02.28,2083.02.29
NGK,NGK-82.83,NGK,3878,3878,1,2083.02.29,2083.02.29
NGK,NGK-82.83,NGK,3880,3880,1,2083.02.29,2083.02.29
NGK,NGK-82.83,NGK,3888,3889,2,2083.02.29,2083.02.29
NGK,NGK-82.83,NGK,3898,3898,1,2083.02.31,2083.02.31
NGK,NGK-82.83,NGK,3903,3906,4,2083.02.31,2083.02.31
NGK,NGK-82.83,NGK,3912,3913,2,2083.02.31,2083.03.01
NGK,NGK-82.83,NGK,3916,3916,1,2083.03.01,2083.03.01
NGK,NGK-82.83,NGK,3926,3926,1,2083.03.01,2083.03.01
NGK,NGK-82.83,NGK,3935,3938,4,2083.03.02,2083.03.02
NGK,NGK-82.83,NGK,3944,3944,1,2083.03.02,2083.03.03
NGK,NGK-82.83,NGK,3952,3958,7,2083.03.03,2083.03.03
NGK,NGK-82.83,NGK,3960,3972,13,2083.03.03,2083.03.04
NGK,NGK-82.83,NGK,3975,3975,1,2083.03.04,2083.03.05
NGK,NGK-82.83,NGK,3979,3979,1,2083.03.05,2083.03.05
NGK,NGK-82.83,NGK,3981,3981,1,2083.03.05,2083.03.05
NGK,NGK-82.83,NGK,3990,3996,7,2083.03.05,2083.03.05
NGK,NGK-82.83,NGK,4001,4001,1,2083.03.07,2083.03.07
NGK,NGK-82.83,NGK,4006,4008,3,2083.03.07,2083.03.07
NGK,NGK-82.83,NGK,4012,4012,1,2083.03.07,2083.03.07
NGK,NGK-82.83,NGK,4016,4016,1,2083.03.07,2083.03.07
NGK,NGK-82.83,NGK,4021,4022,2,2083.03.08,2083.03.08
NGK,NGK-82.83,NGK,4027,4034,8,2083.03.08,2083.03.08
NGK,NGK-82.83,NGK,4042,4044,3,2083.03.09,2083.03.09
NGK,NGK-82.83,NGK,4048,4048,1,2083.03.09,2083.03.09
NGK,NGK-82.83,NGK,4051,4053,3,2083.03.09,2083.03.09
NGK,NGK-82.83,NGK,4055,4056,2,2083.03.09,2083.03.11
NGK,NGK-82.83,NGK,4063,4065,3,2083.03.11,2083.03.11
NGK,NGK-82.83,NGK,4067,4067,1,2083.03.11,2083.03.11
NGK,NGK-82.83,NGK,4091,4092,2,2083.03.12,2083.03.12
NGK,NGK-82.83,NGK,4096,4098,3,2083.03.12,2083.03.14
NGK,NGK-82.83,NGK,4101,4101,1,2083.03.14,2083.03.14
NGK,NGK-82.83,NGK,4108,4110,3,2083.03.14,2083.03.14
NGK,NGK-82.83,NGK,4113,4114,2,2083.03.14,2083.03.14
NGK,NGK-82.83,NGK,4116,4117,2,2083.03.14,2083.03.14
NGK,NGK-82.83,NGK,4122,4126,5,2083.03.15,2083.03.15
NGK,NGK-82.83,NGK,4135,4137,3,2083.03.15,2083.03.16
NGK,NGK-82.83,NGK,4152,4153,2,2083.03.16,2083.03.17
NGK,NGK-82.83,NGK,4155,4155,1,2083.03.17,2083.03.17
NGK,NGK-82.83,NGK,4163,4172,10,2083.03.17,2083.03.17
NGK,NGK-82.83,NGK,4175,4175,1,2083.03.18,2083.03.18
NGK,NGK-82.83,NGK,4179,4179,1,2083.03.18,2083.03.18
NGK,NGK-82.83,NGK,4189,4192,4,2083.03.18,2083.03.18
NGK,NGK-82.83,NGK,4200,4200,1,2083.03.19,2083.03.19
NGK,NGK-82.83,NGK,4202,4202,1,2083.03.19,2083.03.19
NGK,NGK-82.83,NGK,4210,4211,2,2083.03.19,2083.03.19
NGK,NGK-82.83,NGK,4215,4215,1,2083.03.19,2083.03.19
NGK,NGK-82.83,NGK,4217,4218,2,2083.03.19,2083.03.21
NGK,NGK-82.83,NGK,4234,4234,1,2083.03.21,2083.03.22
NGK,NGK-82.83,NGK,4238,4240,3,2083.03.22,2083.03.22
NGK,NGK-82.83,NGK,4243,4247,5,2083.03.22,2083.03.22
NGK,NGK-82.83,NGK,4249,4249,1,2083.03.22,2083.03.22
NGK,NGK-82.83,NGK,4263,4264,2,2083.03.23,2083.03.23
NGK,NGK-82.83,NGK,4273,4274,2,2083.03.23,2083.03.24
NGK,NGK-82.83,NGK,4278,4279,2,2083.03.24,2083.03.24
NGK,NGK-82.83,NGK,4281,4281,1,2083.03.24,2083.03.24
NGK,NGK-82.83,NGK,4287,4287,1,2083.03.24,2083.03.25
NGK,NGK-82.83,NGK,4289,4289,1,2083.03.25,2083.03.25
NGK,NGK-82.83,NGK,4300,4300,1,2083.03.25,2083.03.25
NGK,NGK-82.83,NGK,4302,4306,5,2083.03.25,2083.03.25
NGK,NGK-82.83,NGK,4311,4311,1,2083.03.25,2083.03.25
NGK,NGK-82.83,NGK,4317,4319,3,2083.03.26,2083.03.26
NGK,NGK-82.83,NGK,4326,4326,1,2083.03.26,2083.03.26
NGK,NGK-82.83,NGK,4334,4334,1,2083.03.28,2083.03.28
NGK,NGK-82.83,NGK,4339,4341,3,2083.03.28,2083.03.28
NGK,NGK-82.83,NGK,4344,4348,5,2083.03.28,2083.03.29
NGK,NGK-82.83,NGK,4351,4351,1,2083.03.29,2083.03.29
NGK,NGK-82.83,NGK,4361,4367,7,2083.03.29,2083.03.30
NGK,NGK-82.83,NGK,4379,4386,8,2083.03.30,2083.03.30
NGK,NGK-82.83,NGK,4393,4397,5,2083.03.31,2083.03.31
NGK,NGK-82.83,NGK,4405,4405,1,2083.03.32,2083.03.32
NGK,NGK-82.83,NGK,4410,4410,1,2083.03.32,2083.03.32
NGK,NGK-82.83,NGK,4418,4418,1,2083.03.32,2083.03.32
NGK,NGK-82.83,RTN,5,7,3,2082.04.04,2082.04.08
NGK,NGK-82.83,RTN,10,10,1,2082.04.09,2082.04.11
NGK,NGK-82.83,RTN,14,14,1,2082.04.11,2082.04.15
NGK,NGK-82.83,RTN,16,18,3,2082.04.15,2082.04.23
NGK,NGK-82.83,RTN,43,43,1,2082.05.18,2082.05.22
NGK,NGK-82.83,RTN,65,65,1,2082.06.20,2082.06.20
NGK,NGK-82.83,RTN,83,83,1,2082.07.01,2082.07.02
NGK,NGK-82.83,RTN,100,100,1,2082.07.23,2082.07.24
NGK,NGK-82.83,RTN,116,117,2,2082.08.12,2082.08.16
NGK,NGK-82.83,RTN,135,136,2,2082.09.21,2082.09.24
NGK,NGK-82.83,RTN,139,141,3,2082.09.27,2082.10.04
NGK,NGK-82.83,RTN,146,146,1,2082.10.07,2082.10.08
NGN,NGN-79.80,NGN,3,3,1,2079.04.01,2079.04.01
NGN,NGN-79.80,NGN,5,5,1,2079.04.01,2079.04.01
NGN,NGN-79.80,NGN,23,23,1,2079.04.01,2079.04.01
NGN,NGN-79.80,NGN,25,25,1,2079.04.01,2079.04.02
NGN,NGN-79.80,NGN,58,58,1,2079.04.02,2079.04.03
NGN,NGN-79.80,NGN,235,235,1,2079.04.10,2079.04.10
NGN,NGN-79.80,NGN,239,240,2,2079.04.10,2079.04.10
NGN,NGN-79.80,NGN,244,245,2,2079.04.10,2079.04.10
NGN,NGN-79.80,NGN,247,248,2,2079.04.10,2079.04.10
NGN,NGN-79.80,NGN,250,250,1,2079.04.10,2079.04.11
NGN,NGN-79.80,NGN,279,279,1,2079.04.11,2079.04.12
NGN,NGN-79.80,NGN,285,285,1,2079.04.12,2079.04.12
NGN,NGN-79.80,NGN,287,288,2,2079.04.12,2079.04.12
NGN,NGN-79.80,NGN,292,292,1,2079.04.12,2079.04.12
NGN,NGN-79.80,NGN,296,296,1,2079.04.12,2079.04.12
NGN,NGN-79.80,NGN,311,311,1,2079.04.12,2079.04.12
NGN,NGN-79.80,NGN,706,709,4,2079.04.29,2079.04.30
NGN,NGN-79.80,NGN,826,828,3,2079.05.02,2079.05.05
NGN,NGN-79.80,NGN,830,830,1,2079.05.05,2079.05.05
NGN,NGN-79.80,NGN,832,836,5,2079.05.05,2079.05.05
NGN,NGN-79.80,NGN,838,840,3,2079.05.05,2079.05.05
NGN,NGN-79.80,NGN,842,845,4,2079.05.05,2079.05.05
NGN,NGN-79.80,NGN,847,860,14,2079.05.05,2079.05.05
NGN,NGN-79.80,NGN,863,865,3,2079.05.05,2079.05.05
NGN,NGN-79.80,NGN,867,871,5,2079.05.05,2079.05.06
NGN,NGN-79.80,NGN,873,876,4,2079.05.06,2079.05.06
NGN,NGN-79.80,NGN,878,883,6,2079.05.06,2079.05.06
NGN,NGN-79.80,NGN,1025,1026,2,2079.05.12,2079.05.12
NGN,NGN-79.80,NGN,1029,1030,2,2079.05.12,2079.05.12
NGN,NGN-79.80,NGN,1032,1032,1,2079.05.12,2079.05.12
NGN,NGN-79.80,NGN,1037,1041,5,2079.05.12,2079.05.12
NGN,NGN-79.80,NGN,1043,1044,2,2079.05.12,2079.05.12
NGN,NGN-79.80,NGN,1323,1324,2,2079.05.23,2079.05.23
NGN,NGN-79.80,NGN,1326,1326,1,2079.05.23,2079.05.23
NGN,NGN-79.80,NGN,1328,1330,3,2079.05.23,2079.05.23
NGN,NGN-79.80,NGN,1332,1333,2,2079.05.23,2079.05.23
NGN,NGN-79.80,NGN,1335,1336,2,2079.05.23,2079.05.23
NGN,NGN-79.80,NGN,1340,1345,6,2079.05.23,2079.05.24
NGN,NGN-79.80,NGN,1517,1517,1,2079.05.29,2079.05.30
NGN,NGN-79.80,NGN,1519,1519,1,2079.05.30,2079.05.30
NGN,NGN-79.80,NGN,1521,1522,2,2079.05.30,2079.05.30
NGN,NGN-79.80,NGN,1524,1524,1,2079.05.30,2079.05.30
NGN,NGN-79.80,NGN,1530,1531,2,2079.05.30,2079.05.30
NGN,NGN-79.80,NGN,1533,1533,1,2079.05.30,2079.05.30
NGN,NGN-79.80,NGN,1535,1538,4,2079.05.30,2079.05.30
NGN,NGN-79.80,NGN,1540,1542,3,2079.05.30,2079.05.30
NGN,NGN-79.80,NGN,1657,1660,4,2079.06.04,2079.06.04
NGN,NGN-79.80,NGN,1662,1664,3,2079.06.04,2079.06.05
NGN,NGN-79.80,NGN,1822,1823,2,2079.06.10,2079.06.10
NGN,NGN-79.80,NGN,1826,1827,2,2079.06.10,2079.06.10
NGN,NGN-79.80,NGN,1832,1833,2,2079.06.10,2079.06.10
NGN,NGN-79.80,NGN,1835,1836,2,2079.06.10,2079.06.10
NGN,NGN-79.80,NGN,1841,1842,2,2079.06.10,2079.06.11
NGN,NGN-79.80,NGN,1894,1895,2,2079.06.12,2079.06.12
NGN,NGN-79.80,NGN,1901,1905,5,2079.06.12,2079.06.12
NGN,NGN-79.80,NGN,1908,1908,1,2079.06.12,2079.06.12
NGN,NGN-79.80,NGN,1915,1915,1,2079.06.12,2079.06.12
NGN,NGN-79.80,NGN,1918,1919,2,2079.06.12,2079.06.12
NGN,NGN-79.80,NGN,1923,1923,1,2079.06.12,2079.06.13
NGN,NGN-79.80,NGN,1925,1940,16,2079.06.13,2079.06.13
NGN,NGN-79.80,NGN,1942,1944,3,2079.06.13,2079.06.13
NGN,NGN-79.80,NGN,1946,1950,5,2079.06.13,2079.06.13
NGN,NGN-79.80,NGN,1952,1953,2,2079.06.13,2079.06.13
NGN,NGN-79.80,NGN,1955,1959,5,2079.06.13,2079.06.13
NGN,NGN-79.80,NGN,1961,1964,4,2079.06.13,2079.06.13
NGN,NGN-79.80,NGN,1966,1971,6,2079.06.13,2079.06.13
NGN,NGN-79.80,NGN,1973,1975,3,2079.06.13,2079.06.13
NGN,NGN-79.80,NGN,2046,2048,3,2079.06.23,2079.06.23
NGN,NGN-79.80,NGN,2051,2051,1,2079.06.23,2079.06.23
NGN,NGN-79.80,NGN,2122,2125,4,2079.06.24,2079.06.25
NGN,NGN-79.80,NGN,2127,2130,4,2079.06.25,2079.06.25
NGN,NGN-79.80,NGN,2132,2132,1,2079.06.25,2079.06.25
NGN,NGN-79.80,NGN,2134,2134,1,2079.06.25,2079.06.25
NGN,NGN-79.80,NGN,2136,2138,3,2079.06.25,2079.06.25
NGN,NGN-79.80,NGN,2140,2147,8,2079.06.25,2079.06.25
NGN,NGN-79.80,NGN,2149,2149,1,2079.06.25,2079.06.25
NGN,NGN-79.80,NGN,2152,2152,1,2079.06.25,2079.06.26
NGN,NGN-79.80,NGN,2157,2157,1,2079.06.26,2079.06.26
NGN,NGN-79.80,NGN,2159,2160,2,2079.06.26,2079.06.26
NGN,NGN-79.80,NGN,2162,2162,1,2079.06.26,2079.06.26
NGN,NGN-79.80,NGN,2165,2165,1,2079.06.26,2079.06.26
NGN,NGN-79.80,NGN,2172,2172,1,2079.06.26,2079.06.26
NGN,NGN-79.80,NGN,2174,2174,1,2079.06.26,2079.06.26
NGN,NGN-79.80,NGN,2177,2177,1,2079.06.26,2079.06.26
NGN,NGN-79.80,NGN,2180,2180,1,2079.06.26,2079.06.26
NGN,NGN-79.80,NGN,2182,2182,1,2079.06.26,2079.06.26
NGN,NGN-79.80,NGN,2187,2188,2,2079.06.26,2079.06.26
NGN,NGN-79.80,NGN,2191,2193,3,2079.06.26,2079.06.26
NGN,NGN-79.80,NGN,2195,2195,1,2079.06.26,2079.06.26
NGN,NGN-79.80,NGN,2201,2206,6,2079.06.27,2079.06.27
NGN,NGN-79.80,NGN,2208,2208,1,2079.06.27,2079.06.27
NGN,NGN-79.80,NGN,2213,2221,9,2079.06.27,2079.06.27
NGN,NGN-79.80,NGN,2226,2231,6,2079.06.27,2079.06.27
NGN,NGN-79.80,NGN,2233,2235,3,2079.06.27,2079.06.28
NGN,NGN-79.80,NGN,2239,2240,2,2079.06.28,2079.06.28
NGN,NGN-79.80,NGN,2280,2280,1,2079.06.29,2079.06.29
NGN,NGN-79.80,NGN,2282,2284,3,2079.06.29,2079.06.30
NGN,NGN-79.80,NGN,2286,2289,4,2079.06.30,2079.06.30
NGN,NGN-79.80,NGN,2291,2291,1,2079.06.30,2079.06.30
NGN,NGN-79.80,NGN,2296,2296,1,2079.06.30,2079.06.30
NGN,NGN-79.80,NGN,2298,2298,1,2079.06.30,2079.06.30
NGN,NGN-79.80,NGN,2300,2300,1,2079.06.30,2079.06.30
NGN,NGN-79.80,NGN,2305,2308,4,2079.06.30,2079.06.30
NGN,NGN-79.80,NGN,2310,2312,3,2079.06.30,2079.06.30
NGN,NGN-79.80,NGN,2315,2316,2,2079.06.30,2079.06.30
NGN,NGN-79.80,NGN,2319,2320,2,2079.06.30,2079.06.30
NGN,NGN-79.80,NGN,2322,2323,2,2079.06.30,2079.06.30
NGN,NGN-79.80,NGN,2326,2326,1,2079.06.30,2079.06.31
NGN,NGN-79.80,NGN,2360,2365,6,2079.06.31,2079.07.01
NGN,NGN-79.80,NGN,2368,2368,1,2079.07.01,2079.07.01
NGN,NGN-79.80,NGN,2370,2371,2,2079.07.01,2079.07.01
NGN,NGN-79.80,NGN,2373,2374,2,2079.07.01,2079.07.01
NGN,NGN-79.80,NGN,2376,2377,2,2079.07.01,2079.07.01
NGN,NGN-79.80,NGN,2381,2381,1,2079.07.01,2079.07.01
NGN,NGN-79.80,NGN,2383,2388,6,2079.07.01,2079.07.01
NGN,NGN-79.80,NGN,2425,2429,5,2079.07.03,2079.07.03
NGN,NGN-79.80,NGN,2431,2432,2,2079.07.03,2079.07.03
NGN,NGN-79.80,NGN,2434,2434,1,2079.07.03,2079.07.03
NGN,NGN-79.80,NGN,2438,2440,3,2079.07.03,2079.07.03
NGN,NGN-79.80,NGN,2495,2496,2,2079.07.04,2079.07.05
NGN,NGN-79.80,NGN,2498,2502,5,2079.07.05,2079.07.05
NGN,NGN-79.80,NGN,2504,2525,22,2079.07.05,2079.07.05
NGN,NGN-79.80,NGN,2528,2531,4,2079.07.05,2079.07.05
NGN,NGN-79.80,NGN,2533,2535,3,2079.07.05,2079.07.05
NGN,NGN-79.80,NGN,2538,2538,1,2079.07.05,2079.07.05
NGN,NGN-79.80,NGN,2559,2563,5,2079.07.06,2079.07.06
NGN,NGN-79.80,NGN,2568,2568,1,2079.07.06,2079.07.06
NGN,NGN-79.80,NGN,2570,2571,2,2079.07.06,2079.07.06
NGN,NGN-79.80,NGN,2573,2574,2,2079.07.06,2079.07.06
NGN,NGN-79.80,NGN,2576,2576,1,2079.07.06,2079.07.06
NGN,NGN-79.80,NGN,2578,2579,2,2079.07.06,2079.07.06
NGN,NGN-79.80,NGN,2584,2585,2,2079.07.06,2079.07.06
NGN,NGN-79.80,NGN,2750,2772,23,2079.07.20,2079.07.20
NGN,NGN-79.80,NGN,2775,2776,2,2079.07.20,2079.07.20
NGN,NGN-79.80,NGN,2779,2779,1,2079.07.20,2079.07.20
NGN,NGN-79.80,NGN,2782,2782,1,2079.07.20,2079.07.20
NGN,NGN-79.80,NGN,2784,2784,1,2079.07.20,2079.07.20
NGN,NGN-79.80,NGN,2788,2788,1,2079.07.20,2079.07.20
NGN,NGN-79.80,NGN,2790,2792,3,2079.07.20,2079.07.21
NGN,NGN-79.80,NGN,2794,2794,1,2079.07.21,2079.07.21
NGN,NGN-79.80,NGN,2800,2800,1,2079.07.21,2079.07.21
NGN,NGN-79.80,NGN,2803,2803,1,2079.07.21,2079.07.21
NGN,NGN-79.80,NGN,2805,2806,2,2079.07.21,2079.07.21
NGN,NGN-79.80,NGN,2809,2809,1,2079.07.21,2079.07.21
NGN,NGN-79.80,NGN,2812,2812,1,2079.07.21,2079.07.21
NGN,NGN-79.80,NGN,2815,2815,1,2079.07.21,2079.07.21
NGN,NGN-79.80,NGN,2817,2819,3,2079.07.21,2079.07.22
NGN,NGN-79.80,NGN,2848,2850,3,2079.07.22,2079.07.23
NGN,NGN-79.80,NGN,2852,2854,3,2079.07.23,2079.07.23
NGN,NGN-79.80,NGN,2858,2858,1,2079.07.23,2079.07.23
NGN,NGN-79.80,NGN,2860,2862,3,2079.07.23,2079.07.23
NGN,NGN-79.80,NGN,2864,2864,1,2079.07.23,2079.07.23
NGN,NGN-79.80,NGN,2866,2866,1,2079.07.23,2079.07.23
NGN,NGN-79.80,NGN,2869,2869,1,2079.07.23,2079.07.23
NGN,NGN-79.80,NGN,2871,2877,7,2079.07.23,2079.07.24
NGN,NGN-79.80,NGN,2951,2951,1,2079.07.27,2079.07.27
NGN,NGN-79.80,NGN,2953,2953,1,2079.07.27,2079.07.27
NGN,NGN-79.80,NGN,2956,2956,1,2079.07.27,2079.07.27
NGN,NGN-79.80,NGN,3015,3015,1,2079.07.28,2079.07.28
NGN,NGN-79.80,NGN,3058,3058,1,2079.07.29,2079.07.30
NGN,NGN-79.80,NGN,3060,3061,2,2079.07.30,2079.07.30
NGN,NGN-79.80,NGN,3067,3067,1,2079.07.30,2079.07.30
NGN,NGN-79.80,NGN,3071,3071,1,2079.07.30,2079.07.30
NGN,NGN-79.80,NGN,3073,3073,1,2079.07.30,2079.07.30
NGN,NGN-79.80,NGN,3075,3075,1,2079.07.30,2079.07.30
NGN,NGN-79.80,NGN,3088,3088,1,2079.07.30,2079.07.30
NGN,NGN-79.80,NGN,3090,3092,3,2079.07.30,2079.08.01
NGN,NGN-79.80,NGN,3094,3098,5,2079.08.01,2079.08.01
NGN,NGN-79.80,NGN,3190,3190,1,2079.08.06,2079.08.07
NGN,NGN-79.80,NGN,3194,3195,2,2079.08.07,2079.08.07
NGN,NGN-79.80,NGN,3201,3204,4,2079.08.07,2079.08.07
NGN,NGN-79.80,NGN,3208,3210,3,2079.08.07,2079.08.07
NGN,NGN-79.80,NGN,3212,3212,1,2079.08.07,2079.08.07
NGN,NGN-79.80,NGN,3218,3218,1,2079.08.07,2079.08.07
NGN,NGN-79.80,NGN,3226,3226,1,2079.08.07,2079.08.07
NGN,NGN-79.80,NGN,3229,3230,2,2079.08.08,2079.08.08
NGN,NGN-79.80,NGN,3232,3232,1,2079.08.08,2079.08.08
NGN,NGN-79.80,NGN,3234,3234,1,2079.08.08,2079.08.08
NGN,NGN-79.80,NGN,3238,3238,1,2079.08.08,2079.08.08
NGN,NGN-79.80,NGN,3240,3240,1,2079.08.08,2079.08.08
NGN,NGN-79.80,NGN,3242,3243,2,2079.08.08,2079.08.08
NGN,NGN-79.80,NGN,3245,3250,6,2079.08.08,2079.08.08
NGN,NGN-79.80,NGN,3253,3253,1,2079.08.08,2079.08.08
NGN,NGN-79.80,NGN,3255,3258,4,2079.08.08,2079.08.08
NGN,NGN-79.80,NGN,3260,3260,1,2079.08.08,2079.08.08
NGN,NGN-79.80,NGN,3300,3302,3,2079.08.11,2079.08.11
NGN,NGN-79.80,NGN,3305,3309,5,2079.08.11,2079.08.11
NGN,NGN-79.80,NGN,3311,3316,6,2079.08.11,2079.08.11
NGN,NGN-79.80,NGN,3319,3323,5,2079.08.11,2079.08.11
NGN,NGN-79.80,NGN,3554,3556,3,2079.08.19,2079.08.19
NGN,NGN-79.80,NGN,3617,3617,1,2079.08.21,2079.08.22
NGN,NGN-79.80,NGN,3621,3621,1,2079.08.22,2079.08.22
NGN,NGN-79.80,NGN,3623,3626,4,2079.08.22,2079.08.22
NGN,NGN-79.80,NGN,3631,3631,1,2079.08.22,2079.08.22
NGN,NGN-79.80,NGN,3634,3635,2,2079.08.22,2079.08.22
NGN,NGN-79.80,NGN,3639,3640,2,2079.08.22,2079.08.22
NGN,NGN-79.80,NGN,3647,3647,1,2079.08.22,2079.08.23
NGN,NGN-79.80,NGN,3723,3730,8,2079.08.26,2079.08.27
NGN,NGN-79.80,NGN,3799,3799,1,2079.08.28,2079.08.29
NGN,NGN-79.80,NGN,3826,3828,3,2079.08.29,2079.08.29
NGN,NGN-79.80,NGN,3830,3830,1,2079.08.29,2079.08.29
NGN,NGN-79.80,NGN,3832,3832,1,2079.08.29,2079.08.29
NGN,NGN-79.80,NGN,3834,3836,3,2079.08.29,2079.08.29
NGN,NGN-79.80,NGN,3839,3839,1,2079.08.29,2079.08.29
NGN,NGN-79.80,NGN,4276,4276,1,2079.09.17,2079.09.17
NGN,NGN-79.80,NGN,4328,4340,13,2079.09.19,2079.09.19
NGN,NGN-79.80,NGN,4342,4345,4,2079.09.19,2079.09.19
NGN,NGN-79.80,NGN,4348,4349,2,2079.09.19,2079.09.19
NGN,NGN-79.80,NGN,4351,4354,4,2079.09.19,2079.09.19
NGN,NGN-79.80,NGN,4356,4357,2,2079.09.19,2079.09.19
NGN,NGN-79.80,NGN,4359,4359,1,2079.09.19,2079.09.19
NGN,NGN-79.80,NGN,4362,4362,1,2079.09.19,2079.09.19
NGN,NGN-79.80,NGN,4365,4365,1,2079.09.19,2079.09.19
NGN,NGN-79.80,NGN,4367,4367,1,2079.09.19,2079.09.19
NGN,NGN-79.80,NGN,4369,4371,3,2079.09.19,2079.09.20
NGN,NGN-79.80,NGN,4466,4468,3,2079.09.24,2079.09.24
NGN,NGN-79.80,NGN,4474,4474,1,2079.09.24,2079.09.24
NGN,NGN-79.80,NGN,4478,4479,2,2079.09.24,2079.09.24
NGN,NGN-79.80,NGN,4482,4482,1,2079.09.24,2079.09.24
NGN,NGN-79.80,NGN,4484,4485,2,2079.09.24,2079.09.24
NGN,NGN-79.80,NGN,4487,4488,2,2079.09.24,2079.09.24
NGN,NGN-79.80,NGN,4496,4497,2,2079.09.24,2079.09.24
NGN,NGN-79.80,NGN,4530,4533,4,2079.09.25,2079.09.26
NGN,NGN-79.80,NGN,4538,4539,2,2079.09.26,2079.09.26
NGN,NGN-79.80,NGN,4541,4543,3,2079.09.26,2079.09.26
NGN,NGN-79.80,NGN,4545,4546,2,2079.09.26,2079.09.26
NGN,NGN-79.80,NGN,4548,4549,2,2079.09.26,2079.09.26
NGN,NGN-79.80,NGN,4551,4553,3,2079.09.26,2079.09.26
NGN,NGN-79.80,NGN,4557,4557,1,2079.09.26,2079.09.26
NGN,NGN-79.80,NGN,4560,4563,4,2079.09.26,2079.09.27
NGN,NGN-79.80,NGN,4943,4946,4,2079.10.11,2079.10.12
NGN,NGN-79.80,NGN,5154,5155,2,2079.10.18,2079.10.19
NGN,NGN-79.80,NGN,5227,5233,7,2079.10.22,2079.10.22
NGN,NGN-79.80,NGN,5249,5253,5,2079.10.22,2079.10.22
NGN,NGN-79.80,NGN,5256,5256,1,2079.10.22,2079.10.22
NGN,NGN-79.80,NGN,5260,5261,2,2079.10.22,2079.10.23
NGN,NGN-79.80,NGN,5427,5428,2,2079.10.27,2079.10.27
NGN,NGN-79.80,NGN,5430,5440,11,2079.10.27,2079.10.27
NGN,NGN-79.80,NGN,5442,5444,3,2079.10.27,2079.10.29
NGN,NGN-79.80,NGN,5452,5452,1,2079.10.29,2079.10.29
NGN,NGN-79.80,NGN,5473,5474,2,2079.10.29,2079.10.29
NGN,NGN-79.80,NGN,5476,5477,2,2079.10.29,2079.10.29
NGN,NGN-79.80,NGN,5479,5480,2,2079.10.29,2079.10.29
NGN,NGN-79.80,NGN,5482,5482,1,2079.10.29,2079.10.29
NGN,NGN-79.80,NGN,5514,5517,4,2079.11.01,2079.11.02
NGN,NGN-79.80,NGN,5519,5533,15,2079.11.02,2079.11.02
NGN,NGN-79.80,NGN,5535,5535,1,2079.11.02,2079.11.02
NGN,NGN-79.80,NGN,5537,5543,7,2079.11.02,2079.11.02
NGN,NGN-79.80,NGN,5546,5546,1,2079.11.02,2079.11.02
NGN,NGN-79.80,NGN,5548,5549,2,2079.11.02,2079.11.03
NGN,NGN-79.80,NGN,5614,5615,2,2079.11.04,2079.11.04
NGN,NGN-79.80,NGN,5617,5619,3,2079.11.04,2079.11.05
NGN,NGN-79.80,NGN,5707,5716,10,2079.11.08,2079.11.09
NGN,NGN-79.80,NGN,5719,5720,2,2079.11.09,2079.11.09
NGN,NGN-79.80,NGN,5722,5732,11,2079.11.09,2079.11.09
NGN,NGN-79.80,NGN,5775,5777,3,2079.11.10,2079.11.11
NGN,NGN-79.80,NGN,5792,5792,1,2079.11.11,2079.11.11
NGN,NGN-79.80,NGN,5794,5794,1,2079.11.11,2079.11.11
NGN,NGN-79.80,NGN,5800,5800,1,2079.11.11,2079.11.11
NGN,NGN-79.80,NGN,5802,5802,1,2079.11.11,2079.11.11
NGN,NGN-79.80,NGN,5805,5806,2,2079.11.11,2079.11.11
NGN,NGN-79.80,NGN,5811,5812,2,2079.11.11,2079.11.12
NGN,NGN-79.80,NGN,5842,5842,1,2079.11.12,2079.11.12
NGN,NGN-79.80,NGN,5844,5845,2,2079.11.12,2079.11.14
NGN,NGN-79.80,NGN,5847,5850,4,2079.11.14,2079.11.14
NGN,NGN-79.80,NGN,5853,5854,2,2079.11.14,2079.11.14
NGN,NGN-79.80,NGN,5857,5857,1,2079.11.14,2079.11.14
NGN,NGN-79.80,NGN,5859,5859,1,2079.11.14,2079.11.14
NGN,NGN-79.80,NGN,5862,5862,1,2079.11.14,2079.11.14
NGN,NGN-79.80,NGN,5865,5865,1,2079.11.14,2079.11.14
NGN,NGN-79.80,NGN,5868,5869,2,2079.11.14,2079.11.14
NGN,NGN-79.80,NGN,5875,5875,1,2079.11.14,2079.11.14
NGN,NGN-79.80,NGN,5877,5877,1,2079.11.14,2079.11.14
NGN,NGN-79.80,NGN,5881,5881,1,2079.11.14,2079.11.15
NGN,NGN-79.80,NGN,5884,5885,2,2079.11.15,2079.11.15
NGN,NGN-79.80,NGN,5888,5890,3,2079.11.15,2079.11.15
NGN,NGN-79.80,NGN,5892,5892,1,2079.11.15,2079.11.15
NGN,NGN-79.80,NGN,5894,5898,5,2079.11.15,2079.11.15
NGN,NGN-79.80,NGN,5903,5905,3,2079.11.15,2079.11.15
NGN,NGN-79.80,NGN,5908,5909,2,2079.11.15,2079.11.15
NGN,NGN-79.80,NGN,5912,5916,5,2079.11.15,2079.11.15
NGN,NGN-79.80,NGN,5918,5918,1,2079.11.15,2079.11.15
NGN,NGN-79.80,NGN,5929,5929,1,2079.11.16,2079.11.16
NGN,NGN-79.80,NGN,5931,5933,3,2079.11.16,2079.11.16
NGN,NGN-79.80,NGN,5935,5945,11,2079.11.16,2079.11.16
NGN,NGN-79.80,NGN,5947,5948,2,2079.11.16,2079.11.16
NGN,NGN-79.80,NGN,5961,5966,6,2079.11.16,2079.11.17
NGN,NGN-79.80,NGN,5970,5971,2,2079.11.17,2079.11.17
NGN,NGN-79.80,NGN,5974,5976,3,2079.11.17,2079.11.17
NGN,NGN-79.80,NGN,5978,5978,1,2079.11.17,2079.11.17
NGN,NGN-79.80,NGN,5981,5983,3,2079.11.17,2079.11.17
NGN,NGN-79.80,NGN,5985,5988,4,2079.11.17,2079.11.17
NGN,NGN-79.80,NGN,5990,5995,6,2079.11.17,2079.11.18
NGN,NGN-79.80,NGN,5998,5998,1,2079.11.18,2079.11.18
NGN,NGN-79.80,NGN,6000,6000,1,2079.11.18,2079.11.18
NGN,NGN-79.80,NGN,6003,6003,1,2079.11.18,2079.11.18
NGN,NGN-79.80,NGN,6006,6007,2,2079.11.18,2079.11.18
NGN,NGN-79.80,NGN,6009,6010,2,2079.11.18,2079.11.18
NGN,NGN-79.80,NGN,6013,6013,1,2079.11.18,2079.11.18
NGN,NGN-79.80,NGN,6016,6016,1,2079.11.18,2079.11.18
NGN,NGN-79.80,NGN,6021,6021,1,2079.11.18,2079.11.18
NGN,NGN-79.80,NGN,6023,6038,16,2079.11.18,2079.11.19
NGN,NGN-79.80,NGN,6041,6044,4,2079.11.19,2079.11.19
NGN,NGN-79.80,NGN,6046,6075,30,2079.11.19,2079.11.19
NGN,NGN-79.80,NGN,6077,6077,1,2079.11.19,2079.11.20
NGN,NGN-79.80,NGN,6099,6100,2,2079.11.20,2079.11.21
NGN,NGN-79.80,NGN,6102,6104,3,2079.11.21,2079.11.21
NGN,NGN-79.80,NGN,6107,6108,2,2079.11.21,2079.11.21
NGN,NGN-79.80,NGN,6111,6113,3,2079.11.21,2079.11.21
NGN,NGN-79.80,NGN,6116,6118,3,2079.11.21,2079.11.21
NGN,NGN-79.80,NGN,6122,6122,1,2079.11.21,2079.11.21
NGN,NGN-79.80,NGN,6125,6128,4,2079.11.21,2079.11.21
NGN,NGN-79.80,NGN,6130,6133,4,2079.11.21,2079.11.21
NGN,NGN-79.80,NGN,6135,6144,10,2079.11.21,2079.11.21
NGN,NGN-79.80,NGN,6146,6147,2,2079.11.21,2079.11.21
NGN,NGN-79.80,NGN,6149,6159,11,2079.11.21,2079.11.22
NGN,NGN-79.80,NGN,6173,6174,2,2079.11.22,2079.11.25
NGN,NGN-79.80,NGN,6197,6197,1,2079.11.25,2079.11.25
NGN,NGN-79.80,NGN,6199,6200,2,2079.11.25,2079.11.25
NGN,NGN-79.80,NGN,6203,6204,2,2079.11.25,2079.11.26
NGN,NGN-79.80,NGN,6330,6330,1,2079.11.29,2079.11.30
NGN,NGN-79.80,NGN,6334,6334,1,2079.11.30,2079.11.30
NGN,NGN-79.80,NGN,6337,6337,1,2079.11.30,2079.11.30
NGN,NGN-79.80,NGN,6339,6339,1,2079.11.30,2079.11.30
NGN,NGN-79.80,NGN,6342,6343,2,2079.11.30,2079.11.30
NGN,NGN-79.80,NGN,6347,6347,1,2079.11.30,2079.11.30
NGN,NGN-79.80,NGN,6349,6349,1,2079.11.30,2079.11.30
NGN,NGN-79.80,NGN,6351,6351,1,2079.11.30,2079.11.30
NGN,NGN-79.80,NGN,6361,6371,11,2079.11.30,2079.12.01
NGN,NGN-79.80,NGN,6375,6375,1,2079.12.01,2079.12.01
NGN,NGN-79.80,NGN,6377,6377,1,2079.12.01,2079.12.01
NGN,NGN-79.80,NGN,6380,6403,24,2079.12.01,2079.12.01
NGN,NGN-79.80,NGN,6405,6407,3,2079.12.01,2079.12.02
NGN,NGN-79.80,NGN,6541,6547,7,2079.12.05,2079.12.06
NGN,NGN-79.80,NGN,6588,6588,1,2079.12.07,2079.12.07
NGN,NGN-79.80,NGN,6590,6590,1,2079.12.07,2079.12.07
NGN,NGN-79.80,NGN,6593,6593,1,2079.12.07,2079.12.07
NGN,NGN-79.80,NGN,6595,6599,5,2079.12.07,2079.12.08
NGN,NGN-79.80,NGN,6640,6641,2,2079.12.08,2079.12.09
NGN,NGN-79.80,NGN,6643,6643,1,2079.12.09,2079.12.09
NGN,NGN-79.80,NGN,6647,6647,1,2079.12.09,2079.12.09
NGN,NGN-79.80,NGN,6649,6650,2,2079.12.09,2079.12.09
NGN,NGN-79.80,NGN,6652,6652,1,2079.12.09,2079.12.09
NGN,NGN-79.80,NGN,6654,6657,4,2079.12.09,2079.12.09
NGN,NGN-79.80,NGN,6659,6662,4,2079.12.09,2079.12.09
NGN,NGN-79.80,NGN,6664,6667,4,2079.12.09,2079.12.09
NGN,NGN-79.80,NGN,6669,6669,1,2079.12.09,2079.12.09
NGN,NGN-79.80,NGN,6671,6672,2,2079.12.09,2079.12.10
NGN,NGN-79.80,NGN,6674,6677,4,2079.12.10,2079.12.10
NGN,NGN-79.80,NGN,6679,6687,9,2079.12.10,2079.12.10
NGN,NGN-79.80,NGN,6689,6701,13,2079.12.10,2079.12.10
NGN,NGN-79.80,NGN,6703,6713,11,2079.12.10,2079.12.12
NGN,NGN-79.80,NGN,6715,6716,2,2079.12.12,2079.12.12
NGN,NGN-79.80,NGN,6718,6720,3,2079.12.12,2079.12.12
NGN,NGN-79.80,NGN,6787,6792,6,2079.12.13,2079.12.14
NGN,NGN-79.80,NGN,6794,6794,1,2079.12.14,2079.12.14
NGN,NGN-79.80,NGN,6797,6805,9,2079.12.14,2079.12.14
NGN,NGN-79.80,NGN,6808,6815,8,2079.12.14,2079.12.15
NGN,NGN-79.80,NGN,6817,6818,2,2079.12.15,2079.12.15
NGN,NGN-79.80,NGN,6820,6820,1,2079.12.15,2079.12.15
NGN,NGN-79.80,NGN,6825,6827,3,2079.12.15,2079.12.15
NGN,NGN-79.80,NGN,6830,6830,1,2079.12.15,2079.12.15
NGN,NGN-79.80,NGN,6832,6835,4,2079.12.15,2079.12.15
NGN,NGN-79.80,NGN,6837,6838,2,2079.12.15,2079.12.15
NGN,NGN-79.80,NGN,6840,6846,7,2079.12.15,2079.12.15
NGN,NGN-79.80,NGN,6848,6851,4,2079.12.15,2079.12.16
NGN,NGN-79.80,NGN,7066,7077,12,2079.12.24,2079.12.24
NGN,NGN-79.80,NGN,7079,7081,3,2079.12.24,2079.12.24
NGN,NGN-79.80,NGN,7083,7084,2,2079.12.24,2079.12.24
NGN,NGN-79.80,NGN,7086,7097,12,2079.12.24,2079.12.26
NGN,NGN-79.80,NGN,7100,7100,1,2079.12.26,2079.12.26
NGN,NGN-79.80,NGN,7102,7105,4,2079.12.26,2079.12.26
NGN,NGN-79.80,NGN,7107,7111,5,2079.12.26,2079.12.26
NGN,NGN-79.80,NGN,7113,7113,1,2079.12.26,2079.12.26
NGN,NGN-79.80,NGN,7116,7117,2,2079.12.26,2079.12.26
NGN,NGN-79.80,NGN,7119,7120,2,2079.12.26,2079.12.26
NGN,NGN-79.80,NGN,7254,7255,2,2079.12.30,2080.01.03
NGN,NGN-79.80,NGN,7258,7265,8,2080.01.03,2080.01.03
NGN,NGN-79.80,NGN,7267,7273,7,2080.01.03,2080.01.03
NGN,NGN-79.80,NGN,7275,7277,3,2080.01.03,2080.01.03
NGN,NGN-79.80,NGN,7279,7280,2,2080.01.03,2080.01.04
NGN,NGN-79.80,NGN,7473,7477,5,2080.01.11,2080.01.11
NGN,NGN-79.80,NGN,7479,7481,3,2080.01.11,2080.01.11
NGN,NGN-79.80,NGN,7486,7496,11,2080.01.11,2080.01.11
NGN,NGN-79.80,NGN,7690,7694,5,2080.01.20,2080.01.20
NGN,NGN-79.80,NGN,7696,7698,3,2080.01.20,2080.01.20
NGN,NGN-79.80,NGN,7700,7701,2,2080.01.20,2080.01.20
NGN,NGN-79.80,NGN,7704,7704,1,2080.01.20,2080.01.20
NGN,NGN-79.80,NGN,7706,7706,1,2080.01.20,2080.01.20
NGN,NGN-79.80,NGN,7708,7709,2,2080.01.20,2080.01.20
NGN,NGN-79.80,NGN,7711,7712,2,2080.01.20,2080.01.20
NGN,NGN-79.80,NGN,7714,7714,1,2080.01.20,2080.01.20
NGN,NGN-79.80,NGN,7718,7719,2,2080.01.21,2080.01.21
NGN,NGN-79.80,NGN,7721,7721,1,2080.01.21,2080.01.21
NGN,NGN-79.80,NGN,7723,7723,1,2080.01.21,2080.01.21
NGN,NGN-79.80,NGN,8365,8369,5,2080.02.10,2080.02.11
NGN,NGN-79.80,NGN,8955,8966,12,2080.02.32,2080.03.01
NGN,NGN-79.80,NGN,8968,9001,34,2080.03.01,2080.03.03
NGN,NGN-79.80,NGN,9003,9006,4,2080.03.03,2080.03.03
NGN,NGN-79.80,NGN,9194,9195,2,2080.03.08,2080.03.10
NGN,NGN-79.80,NGN,9197,9197,1,2080.03.10,2080.03.10
NGN,NGN-79.80,NGN,9206,9206,1,2080.03.10,2080.03.10
NGN,NGN-79.80,NGN,9210,9212,3,2080.03.10,2080.03.10
NGN,NGN-79.80,NGN,9214,9216,3,2080.03.10,2080.03.10
NGN,NGN-79.80,NGN,9220,9222,3,2080.03.10,2080.03.10
NGN,NGN-79.80,NGN,9225,9225,1,2080.03.10,2080.03.10
NGN,NGN-79.80,NGN,9227,9227,1,2080.03.10,2080.03.11
NGN,NGN-79.80,NGN,9262,9262,1,2080.03.11,2080.03.12
NGN,NGN-79.80,NGN,9265,9269,5,2080.03.12,2080.03.12
NGN,NGN-79.80,NGN,9271,9271,1,2080.03.12,2080.03.12
NGN,NGN-79.80,NGN,9277,9277,1,2080.03.12,2080.03.12
NGN,NGN-79.80,NGN,9279,9279,1,2080.03.12,2080.03.12
NGN,NGN-80.81,NGN,8103,8103,1,2081.01.03,2081.01.03
NGN,NGN-80.81,NGN,8110,8122,13,2081.01.03,2081.01.03
NGN,NGN-80.81,NGN,8127,8132,6,2081.01.03,2081.01.04
NGN,NGN-80.81,NGN,8136,8158,23,2081.01.04,2081.01.04
NGN,NGN-80.81,NGN,8161,8161,1,2081.01.04,2081.01.04
NGN,NGN-80.81,NGN,8163,8163,1,2081.01.04,2081.01.04
NGN,NGN-80.81,NGN,8197,8201,5,2081.01.05,2081.01.06
NGN,NGN-80.81,NGN,8231,8241,11,2081.01.06,2081.01.07
NGN,NGN-80.81,NGN,8281,8281,1,2081.01.09,2081.01.09
NGN,NGN-80.81,NGN,8283,8284,2,2081.01.09,2081.01.09
NGN,NGN-80.81,NGN,8289,8289,1,2081.01.09,2081.01.09
NGN,NGN-80.81,NGN,8292,8293,2,2081.01.09,2081.01.09
NGN,NGN-80.81,NGN,8306,8306,1,2081.01.09,2081.01.09
NGN,NGN-80.81,NGN,8325,8325,1,2081.01.10,2081.01.10
NGN,NGN-80.81,NGN,8331,8331,1,2081.01.10,2081.01.10
NGN,NGN-80.81,NGN,8342,8342,1,2081.01.10,2081.01.10
NGN,NGN-80.81,NGN,8360,8366,7,2081.01.10,2081.01.11
NGN,NGN-80.81,NGN,8392,8392,1,2081.01.12,2081.01.12
NGN,NGN-80.81,NGN,8432,8432,1,2081.01.13,2081.01.13
NGN,NGN-80.81,NGN,8486,8486,1,2081.01.14,2081.01.14
NGN,NGN-80.81,NGN,8558,8567,10,2081.01.17,2081.01.17
NGN,NGN-80.81,NGN,8569,8569,1,2081.01.17,2081.01.17
NGN,NGN-80.81,NGN,8573,8573,1,2081.01.17,2081.01.17
NGN,NGN-80.81,NGN,8616,8616,1,2081.01.18,2081.01.18
NGN,NGN-80.81,NGN,8629,8629,1,2081.01.18,2081.01.18
NGN,NGN-80.81,RTN,8,8,1,2080.04.26,2080.05.29
NGN,NGN-81.82,NGN,433,433,1,2081.04.14,2081.04.14
NGN,NGN-81.82,NGN,7019,7019,1,2081.11.06,2081.11.06
NGN,NGN-81.82,NGN,9682,9682,1,2082.01.26,2082.01.26
NGN,NGN-81.82,NGN,9749,9749,1,2082.01.28,2082.01.28
NGN,NGN-81.82,NGN,9802,9802,1,2082.01.30,2082.01.30
NGN,NGN-81.82,NGN,10373,10373,1,2082.02.16,2082.02.16
NGN,NGN-81.82,NGN,10847,10847,1,2082.02.30,2082.02.30
NGN,NGN-82.83,NGN,1259,1259,1,2082.05.06,2082.05.06
NGN,NGN-82.83,NGN,3381,3381,1,2082.07.13,2082.07.13
NGN,NGN-82.83,NGN,8195,8195,1,2082.11.15,2082.11.15
NGN,NGN-82.83,NGN,8840,8840,1,2082.11.28,2082.11.28
NGN,NGN-82.83,NGN,10022,10022,1,2082.12.22,2082.12.22
NGN,NGN-82.83,NGN,10368,10368,1,2082.12.30,2082.12.30
NGN,NGN-82.83,NGN,10485,10485,1,2083.01.03,2083.01.03
NGN,NGN-82.83,NGN,11869,11869,1,2083.02.04,2083.02.04
NGN,NGN-82.83,NGN,12422,12422,1,2083.02.15,2083.02.15
NGN,NGN-82.83,NGN,12661,12661,1,2083.02.21,2083.02.21
NGN,NGN-82.83,NGN,13060,13060,1,2083.02.31,2083.02.31
NGN,NGN-82.83,NGN,13168,13168,1,2083.03.02,2083.03.02
NGN,NGN-82.83,NGN,13256,13256,1,2083.03.04,2083.03.04
NGN,NGN-82.83,NGN,13521,13521,1,2083.03.10,2083.03.10
NGN,NGN-82.83,NGN,13826,13826,1,2083.03.18,2083.03.18
NGN,NGN-82.83,NGN,14134,14135,2,2083.03.25,2083.03.25
NGN,NGN-82.83,NGN,14137,14137,1,2083.03.25,2083.03.25
